{"deaths": [135.17181669922374, 136.8095430786664, 134.25827557225026, 138.99067355879305, 142.83525533666415, 140.7857462524424, 132.91718627896108, 133.1962825193731, 130.12573007579212, 127.23544241700829, 126.85543392102821, 129.46173809173953, 128.9916151286643, 127.22055986713136, 128.3086503352206, 129.43217191941554, 130.23135124665885, 130.91171985595992, 134.98683228609198, 138.1564865636966, 138.39302223604446, 135.20589864428032, 135.5326715825964, 138.6069966557077], "indices": [70, 71, 72, 73, 74, 75, 76, 77, 78, 79, 80, 81, 82, 83, 84, 85, 86, 87, 88, 89, 90, 91, 92, 93], "arima_order": [0, 1, 0], "arima_seasonal_order": [3, 1, 0, 12]}