{"deaths": [948.4905547698129, 948.0758100969136, 933.4252197584582, 930.1016508106776, 924.7376718903478, 925.6060971464667, 929.6529335302838, 930.8581536689148, 927.1843601399613, 929.5753176400221, 928.74957241801, 939.0048468290046, 939.4633451629859, 932.2149605436556, 931.6434623231944, 930.8460136285864, 939.0768497195247, 955.5319626816041, 981.9578107463377, 1002.9498631990245, 1008.9022499262636, 1023.7213961391412, 1027.127340694929, 1035.595435474833], "indices": [70, 71, 72, 73, 74, 75, 76, 77, 78, 79, 80, 81, 82, 83, 84, 85, 86, 87, 88, 89, 90, 91, 92, 93], "arima_order": [2, 1, 0], "arima_seasonal_order": [2, 1, 0, 12]}