{"deaths": [2642.419430404654, 2671.6292253123574, 2688.149004806225, 2700.1171129483228, 2715.295143473627, 2721.231009961449, 2726.7319728098632, 2716.1988703453185, 2735.21567362966, 2737.561293697926, 2768.1013829520757, 2784.8890859935136, 2794.736761577485, 2814.099743601634, 2836.754159672483, 2855.467613757564, 2876.3772907347266, 2896.7337443145366, 2930.875514448081, 2987.5333702806056, 3046.0237196056164, 3099.0282370550212, 3114.056707623209, 3136.037309021053], "indices": [70, 71, 72, 73, 74, 75, 76, 77, 78, 79, 80, 81, 82, 83, 84, 85, 86, 87, 88, 89, 90, 91, 92, 93], "arima_order": [2, 1, 0], "arima_seasonal_order": [1, 1, 1, 12]}