{"deaths": [8977.897418441627, 9213.236007078012, 9479.219378349288, 9762.449006008897, 10016.97591971119, 10266.023470257429, 10497.27892292623, 10757.235930057645, 11007.294460535282, 11308.820652146193, 11567.620522812796, 11807.989833071346, 12083.253543638953, 12369.90733807708, 12616.47352441952, 12888.627327058402, 13181.072341926887, 13497.594922839373, 13842.591845864226, 14160.504308525236, 14508.711592077296, 14905.107716511724, 15211.76544412782, 15514.001000553622], "indices": [70, 71, 72, 73, 74, 75, 76, 77, 78, 79, 80, 81, 82, 83, 84, 85, 86, 87, 88, 89, 90, 91, 92, 93], "arima_order": [1, 1, 2], "arima_seasonal_order": [2, 1, 0, 12]}