{"deaths": [529.2744724622684, 534.6371468386458, 548.2825089283077, 557.8828052743149, 560.5601504777538, 568.8250919164211, 566.2810436132477, 566.5191867028857, 566.0361729856822, 560.0194155966584, 562.7435007659244, 557.3322953668912, 537.1367484166321, 537.703683123208, 526.5672435922831, 521.3068736496447, 507.1552524511949, 502.83163643445175, 498.8271544920678, 497.34362890514836, 503.3131461134491, 510.7257767929103, 514.954320808513, 523.9081865979252], "indices": [70, 71, 72, 73, 74, 75, 76, 77, 78, 79, 80, 81, 82, 83, 84, 85, 86, 87, 88, 89, 90, 91, 92, 93], "arima_order": [1, 1, 0], "arima_seasonal_order": [3, 1, 1, 12]}