{"deaths": [7543.526599123757, 7643.071443890621, 7732.91110668948, 7739.406020391928, 7667.961303697993, 7678.297751750854, 7657.851708936972, 7640.505124323555, 7602.85321369291, 7547.341937289283, 7493.4965451629705, 7443.089640204552, 7433.367988490072, 7420.111965668605, 7422.20116900769, 7445.875711356007, 7463.996362336119, 7509.846647593235, 7538.615529116632, 7593.608891746617, 7671.2854935802825, 7719.482749106779, 7799.78777561323, 7891.88033220295], "indices": [70, 71, 72, 73, 74, 75, 76, 77, 78, 79, 80, 81, 82, 83, 84, 85, 86, 87, 88, 89, 90, 91, 92, 93], "arima_order": [2, 1, 0], "arima_seasonal_order": [3, 1, 0, 12]}