{"deaths": [1792.912739366277, 1810.0917945304789, 1825.4764364619627, 1840.6916562041613, 1858.6971051562955, 1874.1880155797037, 1898.6038992888364, 1912.9162289710553, 1934.5904746081465, 1957.0805566878705, 1975.0542739956359, 1972.1968553511736, 1970.7319026718615, 1968.6480430665251, 1984.2205260755022, 2007.0512419663949, 2017.596952806943, 2052.093883101882, 2081.178623980236, 2108.6654232635806, 2142.4592532353827, 2163.053706273258, 2178.7217085442276, 2196.348182489754], "indices": [70, 71, 72, 73, 74, 75, 76, 77, 78, 79, 80, 81, 82, 83, 84, 85, 86, 87, 88, 89, 90, 91, 92, 93], "arima_order": [3, 1, 0], "arima_seasonal_order": [2, 1, 0, 12]}