{"deaths": [431.61148278174323, 437.8728453647314, 439.9884656145673, 444.278843741204, 447.7505195339213, 456.9882444704966, 456.5442675792441, 458.90207801734846, 466.06248511493794, 467.37175954816337, 477.3029984970614, 479.1935442535137, 483.92037937007615, 491.3761153471111, 492.4760770398954, 501.44215370489826, 508.15639908809004, 521.217726662109, 526.7209097366657, 534.4410189184849, 541.3432271246112, 545.8689248428617, 555.7585190312627, 563.3766468810246], "indices": [70, 71, 72, 73, 74, 75, 76, 77, 78, 79, 80, 81, 82, 83, 84, 85, 86, 87, 88, 89, 90, 91, 92, 93], "arima_order": [1, 1, 1], "arima_seasonal_order": [2, 1, 0, 12]}