{"deaths": [277.467897406732, 276.24824068977864, 272.23472592477333, 276.0668974358272, 281.10040036572263, 283.4296826985334, 278.8987734190848, 286.2376693149994, 285.6303388369793, 279.5006408314237, 279.04035164623997, 273.7493797916207, 277.4230398591578, 284.95799246864715, 287.903902159857, 290.643456918817, 291.6019524429654, 288.10787977054594, 287.61962765892633, 292.14898655177393, 288.93316026267155, 288.12098287488936, 292.02184456155055, 294.7846233289445], "indices": [70, 71, 72, 73, 74, 75, 76, 77, 78, 79, 80, 81, 82, 83, 84, 85, 86, 87, 88, 89, 90, 91, 92, 93], "arima_order": [0, 1, 0], "arima_seasonal_order": [3, 1, 0, 12]}