{"deaths": [3560.0513964660795, 3599.777347113362, 3631.0999501282786, 3623.9562456135172, 3611.7580158931605, 3586.3220401490607, 3579.1601284565963, 3571.3874054393464, 3579.051641108876, 3610.4806134110167, 3636.973000070307, 3666.117165471662, 3690.934465175485, 3694.839859113756, 3688.489905314397, 3693.433357215283, 3714.138589761397, 3754.673399349951, 3825.8608394652806, 3851.1757104481158, 3871.344799410288, 3873.643216929264, 3855.357619684617, 3853.437782339364], "indices": [70, 71, 72, 73, 74, 75, 76, 77, 78, 79, 80, 81, 82, 83, 84, 85, 86, 87, 88, 89, 90, 91, 92, 93], "arima_order": [1, 1, 0], "arima_seasonal_order": [3, 1, 0, 12]}