{"deaths": [1837.9072865768435, 1842.9686351207304, 1849.2059619013103, 1854.8111768183196, 1849.2451670021765, 1846.2365114226739, 1843.475914097627, 1836.9208518110859, 1833.6330783858543, 1845.1482320533712, 1853.4350216970167, 1878.5227774993502, 1894.5337362278935, 1906.3738241254105, 1919.5351949421752, 1926.2906353816347, 1942.7143694660087, 1972.9957065203002, 2014.0220423396354, 2044.3352022445454, 2077.454244631659, 2105.5332217595987, 2132.267577782804, 2149.410251196088], "indices": [70, 71, 72, 73, 74, 75, 76, 77, 78, 79, 80, 81, 82, 83, 84, 85, 86, 87, 88, 89, 90, 91, 92, 93], "arima_order": [1, 1, 0], "arima_seasonal_order": [1, 1, 1, 12]}