{"deaths": [2769.5222716524304, 2820.321595837616, 2843.492147392659, 2849.9846609010465, 2849.856484210747, 2859.157452808306, 2861.2820971080796, 2868.6718620554107, 2884.870048567664, 2885.1371366238563, 2885.1496264642815, 2860.4726154244186, 2845.4103107124533, 2806.3408831719275, 2771.64863527827, 2765.775579132347, 2757.0655130686832, 2772.607628919456, 2799.952439856726, 2821.1389683233983, 2824.5730037186004, 2802.119757462323, 2788.3101189641566, 2785.8789578062288], "indices": [70, 71, 72, 73, 74, 75, 76, 77, 78, 79, 80, 81, 82, 83, 84, 85, 86, 87, 88, 89, 90, 91, 92, 93], "arima_order": [1, 1, 0], "arima_seasonal_order": [3, 1, 0, 12]}