{"deaths": [513.2272556984291, 512.9492321097846, 511.5473436241198, 506.81564782357515, 510.2944771920906, 505.9745629981045, 505.14020117471085, 508.1290212571633, 509.64146663289586, 503.2984312698104, 503.1889504875281, 502.124700385616, 501.4921074008898, 504.8014747158366, 507.33910742492645, 510.47777412844795, 512.0342577605501, 517.7284350980631, 526.1211460169241, 531.2842849352768, 536.5988525589883, 545.278848415629, 547.6675725414276, 552.1375604788603], "indices": [70, 71, 72, 73, 74, 75, 76, 77, 78, 79, 80, 81, 82, 83, 84, 85, 86, 87, 88, 89, 90, 91, 92, 93], "arima_order": [2, 1, 0], "arima_seasonal_order": [1, 1, 1, 12]}