{"deaths": [149.88317126438207, 151.83160823567044, 151.08587192826604, 147.67069835710356, 145.1806861944377, 146.7759154133556, 145.53953639661106, 149.25844569024815, 152.37444452040234, 156.55926050843493, 157.88234135891003, 156.77382441453344, 161.39420121392936, 161.5535439872641, 163.07227771999655, 163.5961579269745, 165.76903159606462, 172.8266185772741, 172.1044859857533, 169.39085054120383, 172.04880753152628, 173.9302828963818, 175.6725350036474, 176.27747238030534], "indices": [70, 71, 72, 73, 74, 75, 76, 77, 78, 79, 80, 81, 82, 83, 84, 85, 86, 87, 88, 89, 90, 91, 92, 93], "arima_order": [0, 1, 0], "arima_seasonal_order": [2, 1, 0, 12]}