{"deaths": [116.34093541254197, 116.36084212594301, 112.5329285731447, 114.99881402023412, 117.14463727627655, 116.03083597749486, 112.30893225387993, 113.28902554045042, 119.09631488388492, 119.0557839610916, 117.43484879649286, 115.6809231156172, 119.43076600678214, 120.17945765500595, 123.02025602743218, 127.74882359094981, 132.64318558662868, 133.64909869243877, 137.8868757640602, 138.1381841158184, 139.84901236190578, 141.6519473321776, 145.03254611149725, 146.37004808162976], "indices": [70, 71, 72, 73, 74, 75, 76, 77, 78, 79, 80, 81, 82, 83, 84, 85, 86, 87, 88, 89, 90, 91, 92, 93], "arima_order": [0, 1, 1], "arima_seasonal_order": [2, 1, 0, 12]}