{"deaths": [411.0457601276313, 411.37775616798035, 410.457922145466, 412.55936610786097, 410.4500945338177, 407.1585686170362, 404.0614563043296, 404.01931294537115, 393.1758843922988, 388.7296967252561, 387.2707058730879, 384.42444374016395, 382.07874358346345, 386.81012155653616, 387.21894493826073, 384.72377203454255, 384.4844060992381, 387.2411295647135, 391.0138906428345, 390.5358789062538, 392.3624779030969, 387.2092348880232, 384.13892367090733, 377.5823396135937], "indices": [70, 71, 72, 73, 74, 75, 76, 77, 78, 79, 80, 81, 82, 83, 84, 85, 86, 87, 88, 89, 90, 91, 92, 93], "arima_order": [0, 1, 0], "arima_seasonal_order": [1, 1, 1, 12]}