{"deaths": [760.6115807534417, 778.6059310146245, 779.9873780159498, 794.5245116763465, 804.8840641696305, 823.1922499420226, 838.2670687899313, 851.4237281321786, 869.7336894919819, 878.7613161603986, 894.1832966556509, 908.0956059225389, 923.7290988748936, 936.4815700092577, 953.2503457626129, 969.0841213131074, 982.6296975197896, 996.910867541201, 1016.2050195818396, 1037.1621338342743, 1053.2533441370517, 1080.541922394565, 1100.930760215638, 1121.8495019852476], "indices": [70, 71, 72, 73, 74, 75, 76, 77, 78, 79, 80, 81, 82, 83, 84, 85, 86, 87, 88, 89, 90, 91, 92, 93], "arima_order": [0, 1, 0], "arima_seasonal_order": [1, 1, 1, 12]}