{"deaths": [5179.0019630607685, 5212.835798177777, 5164.616057650826, 5089.234605996385, 5109.675839125695, 5040.231850772482, 4981.968332583094, 4948.0215291361155, 4971.745041112358, 5017.9849125144665, 5017.924432004131, 5045.192382432981, 5079.8168082503, 5120.890146251455, 5187.957936421667, 5234.486208858289, 5286.43232225547, 5376.286701657007, 5510.712612442632, 5631.722001400863, 5704.428714868865, 5721.990005785004, 5766.625200838575, 5836.630966018617], "indices": [70, 71, 72, 73, 74, 75, 76, 77, 78, 79, 80, 81, 82, 83, 84, 85, 86, 87, 88, 89, 90, 91, 92, 93], "arima_order": [1, 1, 1], "arima_seasonal_order": [2, 1, 0, 12]}