{"deaths": [770.7403219837591, 780.2509755418449, 790.8295341982626, 799.9003821768422, 809.964189017857, 823.6798089286568, 807.2132796080278, 819.8461056564614, 831.3149170466792, 835.6518162066767, 844.1739844950707, 847.1491370466974, 856.8482348987324, 864.6125020999331, 871.8865919194081, 878.2001805720064, 896.263729701601, 911.6166144405662, 944.7468769477911, 956.45365181161, 972.5305080023469, 986.4005244266027, 996.7510639353363, 1005.7902982420566], "indices": [70, 71, 72, 73, 74, 75, 76, 77, 78, 79, 80, 81, 82, 83, 84, 85, 86, 87, 88, 89, 90, 91, 92, 93], "arima_order": [0, 1, 0], "arima_seasonal_order": [3, 1, 0, 12]}