{"deaths": [72.90615011823543, 72.4891471508011, 73.55907292999301, 70.89899298812782, 67.45337092731762, 65.50714667052284, 69.2757964831666, 68.54681671147601, 66.09305564093269, 69.3364107467182, 71.5158998186805, 76.00652295510008, 76.82534203359124, 76.67680271140682, 74.51270185210868, 77.18838202951359, 77.72404681371174, 78.4715496498143, 79.2999195281795, 82.17435348754633, 83.19328058224171, 83.69704593146535, 83.66201979873297, 83.19045396168082], "indices": [70, 71, 72, 73, 74, 75, 76, 77, 78, 79, 80, 81, 82, 83, 84, 85, 86, 87, 88, 89, 90, 91, 92, 93], "arima_order": [0, 1, 0], "arima_seasonal_order": [4, 1, 0, 12]}