{"deaths": [4034.7271724494476, 4037.286856319654, 4039.188357665984, 4024.20317219744, 4035.0208408691637, 4030.625987325742, 4024.197694112101, 4014.203856350616, 4008.7283882194556, 4007.939339729481, 4000.7119501275706, 4011.3556697851814, 4025.275442112534, 4045.4453282414056, 4065.182345166817, 4079.9043005174185, 4097.348656556237, 4129.281509658192, 4166.364754290822, 4203.337111397801, 4248.9005173582955, 4302.350783376525, 4334.183475800091, 4352.056456793764], "indices": [70, 71, 72, 73, 74, 75, 76, 77, 78, 79, 80, 81, 82, 83, 84, 85, 86, 87, 88, 89, 90, 91, 92, 93], "arima_order": [1, 1, 0], "arima_seasonal_order": [1, 1, 1, 12]}