{"deaths": [1654.3701778461063, 1682.766648062958, 1696.7535597141982, 1715.6899317951302, 1731.2183961493552, 1723.091352901226, 1725.7264444764069, 1728.3986991902152, 1724.743932247111, 1734.1089743354923, 1755.4337733692914, 1770.9860289801857, 1785.0766977404946, 1801.8775228670565, 1812.1492564532637, 1816.9152910271068, 1823.5912891104833, 1836.2283320910783, 1850.7793988944234, 1874.519303300343, 1881.0119136346464, 1891.905909389776, 1897.6742350374657, 1909.7021968219258], "indices": [70, 71, 72, 73, 74, 75, 76, 77, 78, 79, 80, 81, 82, 83, 84, 85, 86, 87, 88, 89, 90, 91, 92, 93], "arima_order": [1, 1, 1], "arima_seasonal_order": [3, 1, 0, 12]}