{"deaths": [5214.002157636089, 5269.475967230374, 5328.595081995466, 5224.882533074841, 5172.223220030253, 5147.842864412257, 5156.914303653741, 5187.421206823579, 5123.014037811339, 5099.505918821568, 5018.293964118725, 4935.354104754992, 4791.915147636634, 4577.175329213504, 4407.600640422454, 4327.161820679235, 4223.730392128187, 4158.2887786517285, 4056.1702862288444, 3976.5606896875806, 3947.129954135817, 3876.004953527558, 3884.4933862765124, 3926.013049343588], "indices": [70, 71, 72, 73, 74, 75, 76, 77, 78, 79, 80, 81, 82, 83, 84, 85, 86, 87, 88, 89, 90, 91, 92, 93], "arima_order": [2, 1, 0], "arima_seasonal_order": [3, 1, 1, 12]}