{"deaths": [496.91772314500247, 503.28101557422053, 506.78029455736055, 508.6087286266633, 507.8913001060755, 502.8982046709907, 507.637862798661, 504.681807032188, 502.2047926180023, 495.92584248195504, 490.36703111523786, 497.49508118087334, 491.75834723090196, 482.11844052769084, 487.86392027224355, 497.21886400553757, 491.975438367984, 495.88630989035477, 484.1648277521297, 479.21279512360945, 477.60990653163657, 466.38240671713885, 469.4297220934114, 473.29022028078623], "indices": [70, 71, 72, 73, 74, 75, 76, 77, 78, 79, 80, 81, 82, 83, 84, 85, 86, 87, 88, 89, 90, 91, 92, 93], "arima_order": [1, 1, 0], "arima_seasonal_order": [2, 1, 0, 12]}