{"deaths": [1515.3295839358293, 1547.451243694754, 1572.7654822739457, 1605.5641661572577, 1632.9023112875363, 1649.1409925423927, 1675.7172807710235, 1694.4707963222693, 1716.0697339434084, 1736.7616925817692, 1762.3385433506014, 1790.7431692356329, 1805.0359657521985, 1843.7932162811285, 1865.2789395250854, 1890.8498318939667, 1923.9176751558086, 1970.9002976554068, 2018.7263101564058, 2053.4778844339844, 2095.593739460841, 2145.894085403475, 2190.230882803735, 2215.9628459815776], "indices": [70, 71, 72, 73, 74, 75, 76, 77, 78, 79, 80, 81, 82, 83, 84, 85, 86, 87, 88, 89, 90, 91, 92, 93], "arima_order": [1, 1, 1], "arima_seasonal_order": [2, 1, 0, 12]}