{"deaths": [1359.4695241204583, 1371.2961304494568, 1356.6441991076351, 1359.572140051501, 1371.308651932051, 1362.2035954305923, 1366.3818145349273, 1382.4517227930874, 1390.8492010083946, 1409.995097532687, 1416.668002933157, 1417.9152200013848, 1417.8998232601666, 1412.018964144784, 1418.6303610838793, 1418.50724372061, 1417.7897622326914, 1431.3381646965818, 1434.8311574336026, 1444.309882625492, 1459.9979937770083, 1478.627252273116, 1492.6135191213427, 1495.7481048804805], "indices": [70, 71, 72, 73, 74, 75, 76, 77, 78, 79, 80, 81, 82, 83, 84, 85, 86, 87, 88, 89, 90, 91, 92, 93], "arima_order": [0, 1, 0], "arima_seasonal_order": [3, 1, 0, 12]}