{"deaths": [481.50065873820745, 484.81010028158084, 494.41560931643704, 494.4873701885672, 498.2304667300448, 499.345002673292, 502.4768788912345, 507.93547840214427, 512.7683251561047, 519.4203094713455, 522.8100515769218, 528.5338743366511, 528.9640500765427, 531.8301109301609, 528.4656410431325, 537.1347795367899, 544.5896483576587, 549.3913448171414, 558.1913301765361, 563.5880575606811, 563.7061852471523, 569.6965181583165, 574.6877467781071, 577.7056681887684], "indices": [70, 71, 72, 73, 74, 75, 76, 77, 78, 79, 80, 81, 82, 83, 84, 85, 86, 87, 88, 89, 90, 91, 92, 93], "arima_order": [1, 1, 0], "arima_seasonal_order": [3, 1, 0, 12]}