{"deaths": [276.5375082969497, 276.15108319013217, 281.234641915118, 288.07347659047946, 292.3757829710686, 296.51776402887816, 286.9156012731486, 291.9911078681388, 291.9913878687611, 293.46242170289304, 294.07627659670146, 296.39664724162833, 296.0100497600123, 296.78343292506685, 297.61436131986676, 295.4547947172053, 299.15278949873596, 299.2377581655275, 307.0191783589061, 311.4814653469619, 313.33031217626933, 316.3210330159175, 319.9432630102795, 327.32046841045036], "indices": [70, 71, 72, 73, 74, 75, 76, 77, 78, 79, 80, 81, 82, 83, 84, 85, 86, 87, 88, 89, 90, 91, 92, 93], "arima_order": [0, 1, 0], "arima_seasonal_order": [2, 1, 0, 12]}