{"deaths": [2213.095332181969, 2226.231373485691, 2248.174389545674, 2252.529260199652, 2268.436370946754, 2267.670313273064, 2257.681787005111, 2248.911652775606, 2268.724033778268, 2258.460486962476, 2262.739418663219, 2280.8110525495645, 2274.200626925436, 2265.6047618201956, 2243.9786434087055, 2221.48764365163, 2217.9339126957193, 2212.450806440017, 2226.6559836352917, 2233.798101902502, 2234.0543992796133, 2243.8313356222357, 2235.395350777555, 2242.196352516463], "indices": [70, 71, 72, 73, 74, 75, 76, 77, 78, 79, 80, 81, 82, 83, 84, 85, 86, 87, 88, 89, 90, 91, 92, 93], "arima_order": [1, 1, 1], "arima_seasonal_order": [3, 1, 0, 12]}