{"deaths": [449.78960613012083, 455.463976150551, 458.11907317602595, 466.48237082470007, 470.7180091727988, 479.5428196613134, 489.84063279509473, 504.00659736852094, 503.7608006969046, 509.84466830477356, 514.5973429176682, 505.5356085021521, 516.1841696537216, 513.3084297273741, 524.1476656139935, 533.2511834154867, 539.054771263572, 542.5960288458585, 550.0408493878543, 555.5542712684745, 567.4955571867207, 573.9431842243847, 580.1309280382378, 586.9325642372476], "indices": [70, 71, 72, 73, 74, 75, 76, 77, 78, 79, 80, 81, 82, 83, 84, 85, 86, 87, 88, 89, 90, 91, 92, 93], "arima_order": [0, 1, 0], "arima_seasonal_order": [2, 1, 0, 12]}