{"deaths": [2049.9930134235387, 2072.4840725894105, 2091.448761666945, 2103.7322723268708, 2120.2149104618425, 2136.3897674394175, 2170.860495485433, 2194.304623894927, 2224.603004125216, 2236.6509799955006, 2260.849485420329, 2283.4613002175615, 2298.880122031039, 2312.339091495397, 2324.7000875262165, 2339.141567592574, 2362.3465967096404, 2387.5847782932206, 2457.1061475700435, 2482.2864766033113, 2521.115655516585, 2541.347332653542, 2568.5830913559535, 2596.8671844297905], "indices": [70, 71, 72, 73, 74, 75, 76, 77, 78, 79, 80, 81, 82, 83, 84, 85, 86, 87, 88, 89, 90, 91, 92, 93], "arima_order": [2, 1, 0], "arima_seasonal_order": [2, 1, 0, 12]}