{"deaths": [2297.841630652889, 2281.883309781582, 2245.0528508614298, 2229.4478063832285, 2228.1420806763444, 2221.664498776915, 2202.068562168887, 2178.85809488759, 2160.566948113275, 2140.8574780615145, 2130.036779033529, 2139.763897592738, 2135.9358679452944, 2119.383386797446, 2081.1930494658536, 2078.3310435841563, 2059.0166443822095, 2063.1589869777035, 2069.876998475115, 2057.7839753605454, 2053.3804646448193, 2025.4403744297285, 2010.5376975754784, 1995.4452790796397], "indices": [70, 71, 72, 73, 74, 75, 76, 77, 78, 79, 80, 81, 82, 83, 84, 85, 86, 87, 88, 89, 90, 91, 92, 93], "arima_order": [1, 1, 0], "arima_seasonal_order": [1, 1, 0, 12]}