{"deaths": [2770.1834397929133, 2805.746779667504, 2840.6963092143214, 2848.679043799627, 2869.278049375602, 2873.887813954668, 2879.338780501602, 2878.727673973058, 2913.653338304836, 2961.6785643975127, 2989.9429220201055, 3024.4964973947785, 3058.8497529977094, 3058.6377751247755, 3048.4053390820754, 3071.941480387254, 3094.090060910848, 3089.892706147891, 3151.535350345236, 3183.751256572256, 3219.188532346733, 3253.599669100121, 3303.630587143604, 3378.26266569854], "indices": [70, 71, 72, 73, 74, 75, 76, 77, 78, 79, 80, 81, 82, 83, 84, 85, 86, 87, 88, 89, 90, 91, 92, 93], "arima_order": [1, 1, 0], "arima_seasonal_order": [1, 1, 0, 12]}