{"deaths": [445.72375215026665, 436.12571887523654, 424.47514097631665, 427.8131495127604, 420.19034562704746, 411.8839487432487, 415.33044666017264, 420.77368615816994, 416.9455171731282, 420.14511083758845, 414.61217471982286, 421.0664475297208, 418.43549258782605, 408.80344664135987, 418.05060271258344, 426.73022781410157, 431.9088427368905, 431.07799191583865, 441.6851670345334, 449.52539059956155, 453.51177243212504, 455.91293868516954, 462.0963887868963, 465.4582588299571], "indices": [70, 71, 72, 73, 74, 75, 76, 77, 78, 79, 80, 81, 82, 83, 84, 85, 86, 87, 88, 89, 90, 91, 92, 93], "arima_order": [3, 1, 0], "arima_seasonal_order": [2, 1, 0, 12]}