{"deaths": [1032.5801872840236, 1049.7560622088201, 1070.7919657904724, 1084.5348484566505, 1096.0414383850598, 1115.3264127225455, 1134.851167185732, 1149.5268601107878, 1173.52993926737, 1188.0885775553663, 1192.4544238935637, 1210.496853967997, 1221.3551372912775, 1239.1397182255027, 1260.762483808079, 1270.7919641284652, 1290.7080360168864, 1325.529603790989, 1361.4815552627174, 1384.7342406263406, 1407.594553670021, 1441.373204517545, 1461.3638165485715, 1484.513584862942], "indices": [70, 71, 72, 73, 74, 75, 76, 77, 78, 79, 80, 81, 82, 83, 84, 85, 86, 87, 88, 89, 90, 91, 92, 93], "arima_order": [1, 1, 1], "arima_seasonal_order": [2, 1, 0, 12]}