{"deaths": [1932.9542497997904, 1939.9889473837509, 1958.194800922503, 1953.5380991073066, 1954.0337208459368, 1918.2239205569615, 1888.8346823299319, 1860.620868132198, 1865.1399295766253, 1889.7017331197908, 1908.8766223852406, 1917.3755504297533, 1925.537055739947, 1944.9650742809938, 1947.829540712775, 1969.7797467908292, 1986.380717191459, 2038.451044905093, 2086.461546952682, 2119.9513269690847, 2135.624567885379, 2136.141373599313, 2137.6170670523666, 2151.865733289181], "indices": [70, 71, 72, 73, 74, 75, 76, 77, 78, 79, 80, 81, 82, 83, 84, 85, 86, 87, 88, 89, 90, 91, 92, 93], "arima_order": [1, 1, 0], "arima_seasonal_order": [1, 1, 1, 12]}