{"deaths": [3000.423922974163, 3034.4693858786018, 3061.2730819639437, 3070.3816574283724, 3080.2985740357553, 3103.483739706251, 3139.922865958166, 3173.8696867224294, 3196.3568621884233, 3215.6133835594264, 3242.30266323202, 3261.1513608254027, 3280.262617981758, 3293.242107119469, 3301.080112709846, 3315.198786455581, 3335.6433806412856, 3347.598972943954, 3354.1398583691416, 3371.0159403539265, 3380.1689581225933, 3378.5720570202084, 3393.7236125382533, 3403.303574554283], "indices": [70, 71, 72, 73, 74, 75, 76, 77, 78, 79, 80, 81, 82, 83, 84, 85, 86, 87, 88, 89, 90, 91, 92, 93], "arima_order": [1, 1, 0], "arima_seasonal_order": [2, 1, 1, 12]}