{"deaths": [211.9268434114401, 212.99372533786746, 211.94070956278068, 211.4892163896751, 219.994793273368, 222.01285212697633, 220.22549413374762, 219.8223789602065, 221.04885455451523, 218.91087372523157, 218.94556490095448, 214.5173833137869, 212.06084124952466, 211.74386599940874, 214.96390573430352, 215.63487270643762, 219.36759762318462, 222.5846206939194, 222.05966112297799, 222.29623981482837, 223.5574379506201, 229.26243981158538, 235.66108696211498, 237.5363480352541], "indices": [70, 71, 72, 73, 74, 75, 76, 77, 78, 79, 80, 81, 82, 83, 84, 85, 86, 87, 88, 89, 90, 91, 92, 93], "arima_order": [2, 1, 0], "arima_seasonal_order": [2, 1, 0, 12]}