{"deaths": [2856.9695070837893, 2852.703496602684, 2825.3417108008525, 2808.793358079231, 2826.7391236093645, 2851.9253044280686, 2822.329992639703, 2826.0660991976106, 2845.510081454166, 2867.112721869383, 2888.213950310983, 2951.816827843972, 3005.070291607653, 3055.6890945605655, 3080.3982945662083, 3085.9230698636825, 3070.43435456764, 3019.3688624609044, 3055.348485567591, 3082.3458533595035, 3076.295516205123, 3132.522278143468, 3160.5215171513983, 3114.669860679446], "indices": [70, 71, 72, 73, 74, 75, 76, 77, 78, 79, 80, 81, 82, 83, 84, 85, 86, 87, 88, 89, 90, 91, 92, 93], "arima_order": [3, 1, 0], "arima_seasonal_order": [4, 1, 1, 12]}