{"deaths": [857.9424624967066, 869.2996378437649, 873.2221278593987, 879.8176260138255, 877.0454137538251, 874.6186218233181, 864.4655824456762, 866.1580724366639, 880.4247512178904, 879.3148096950132, 881.7828616356011, 874.0180190324495, 870.7924507379297, 867.414250130955, 870.2958681187768, 868.0741090223039, 865.9091658237841, 872.2899807193978, 881.2005067746197, 877.2175429293462, 873.6719727982908, 873.57274063216, 876.4425463767595, 874.1828560387744], "indices": [70, 71, 72, 73, 74, 75, 76, 77, 78, 79, 80, 81, 82, 83, 84, 85, 86, 87, 88, 89, 90, 91, 92, 93], "arima_order": [0, 1, 0], "arima_seasonal_order": [4, 1, 0, 12]}