{"deaths": [2794.232852130156, 2837.4390808435496, 2866.067173064226, 2891.6491229342614, 2915.2605938431607, 2863.807004761153, 2843.7266588308066, 2856.768550036126, 2877.7359909988622, 2871.153363418567, 2882.0227282889296, 2884.14903396597, 2870.28054033677, 2868.2532994335, 2859.8920642220537, 2818.370278826306, 2786.6793804040135, 2778.6733509903593, 2781.8399867841713, 2780.864952708942, 2781.676231303566, 2782.4650761136327, 2774.242760407041, 2782.070677241159], "indices": [70, 71, 72, 73, 74, 75, 76, 77, 78, 79, 80, 81, 82, 83, 84, 85, 86, 87, 88, 89, 90, 91, 92, 93], "arima_order": [1, 1, 0], "arima_seasonal_order": [4, 1, 1, 12]}