{"deaths": [740.4297627611361, 730.9643884212124, 722.7654496567834, 709.030137482577, 700.2356238633962, 697.9926692965314, 700.9902815898008, 694.5662630157171, 687.0283439445873, 689.2249256732765, 696.1482748386318, 700.3561442898879, 708.3811710410445, 705.4127993581159, 692.8188187876658, 689.4867706296402, 692.8178859560152, 697.0932746785338, 700.6037709176841, 699.2692257919152, 709.8311006329823, 712.8187904431903, 713.897159262514, 722.9942237397148], "indices": [70, 71, 72, 73, 74, 75, 76, 77, 78, 79, 80, 81, 82, 83, 84, 85, 86, 87, 88, 89, 90, 91, 92, 93], "arima_order": [3, 1, 0], "arima_seasonal_order": [2, 1, 0, 12]}