{"deaths": [393.1608334208505, 395.16291869977454, 396.7621113121018, 396.69492893208786, 394.77723318016353, 397.3818683781394, 407.15596645134184, 405.89757573537867, 408.3018443440271, 408.4861769475501, 407.2099860094151, 406.1612587486272, 404.0238431948915, 402.47273952491554, 409.24583698351506, 412.8880367941946, 414.4617221330345, 418.5336238239537, 422.88454577167744, 420.1194307099223, 427.48308544390216, 432.35305006802815, 434.8185249247395, 430.8125900642828], "indices": [70, 71, 72, 73, 74, 75, 76, 77, 78, 79, 80, 81, 82, 83, 84, 85, 86, 87, 88, 89, 90, 91, 92, 93], "arima_order": [2, 1, 0], "arima_seasonal_order": [2, 1, 0, 12]}