{"deaths": [1666.8962023936529, 1697.010992613833, 1714.3110827882572, 1723.461509392983, 1717.868404989576, 1714.8822870171273, 1701.754958188598, 1689.9451130194752, 1683.8666424020291, 1688.1469727746255, 1693.0107120448083, 1696.142049128448, 1704.2549063607037, 1707.8247333818106, 1717.303733593059, 1731.2003842892864, 1762.483060208381, 1791.2473302390263, 1830.616758300802, 1868.3042185841118, 1900.9535367962626, 1929.9022362234664, 1953.1635773840765, 1967.4036158064996], "indices": [70, 71, 72, 73, 74, 75, 76, 77, 78, 79, 80, 81, 82, 83, 84, 85, 86, 87, 88, 89, 90, 91, 92, 93], "arima_order": [2, 1, 0], "arima_seasonal_order": [1, 1, 1, 12]}