{"deaths": [620.5824189207412, 617.493219330383, 614.2097205381136, 612.2277346050599, 604.7119082890791, 600.5558645566371, 592.6811138511299, 590.4698999394499, 588.6994589479219, 578.753286650978, 580.2006106115008, 578.3113094381803, 583.4662973829024, 585.5777761806495, 581.6671174966773, 575.7180770295628, 571.2427145945961, 573.6192248121436, 572.7060781763344, 571.0364248562582, 580.2571265401153, 583.4683663408894, 582.2616831365096, 584.1785727772757], "indices": [70, 71, 72, 73, 74, 75, 76, 77, 78, 79, 80, 81, 82, 83, 84, 85, 86, 87, 88, 89, 90, 91, 92, 93], "arima_order": [1, 1, 0], "arima_seasonal_order": [3, 1, 0, 12]}