{"deaths": [2107.2318347571813, 2107.4532016470334, 2132.5403456840463, 2137.771895540362, 2145.8464376754514, 2156.238992919303, 2160.809096410731, 2156.7132753245683, 2144.4689756051935, 2136.676020529087, 2135.0078206481576, 2157.8119160278484, 2170.037178139424, 2182.949056240897, 2210.7619618573185, 2217.8053892184794, 2232.633506083782, 2284.7507591010353, 2355.8848633780776, 2397.479613204182, 2464.2526815207507, 2505.198658391456, 2537.655259712483, 2575.1136863259253], "indices": [70, 71, 72, 73, 74, 75, 76, 77, 78, 79, 80, 81, 82, 83, 84, 85, 86, 87, 88, 89, 90, 91, 92, 93], "arima_order": [1, 1, 0], "arima_seasonal_order": [2, 1, 0, 12]}