{"deaths": [166.59765650799565, 174.10537309032338, 176.84727751609742, 182.34432722464874, 179.13867770400955, 178.61433811284414, 167.4836472759156, 163.94675276410905, 164.7387845653995, 163.16832159157602, 159.92605807200448, 160.26084957368462, 162.93937084863296, 160.29134390791378, 160.01922913669512, 156.13669333023668, 160.54592912100725, 160.527187824469, 173.54946728969546, 173.73722308411166, 177.3428177828483, 172.50860430810917, 176.34449049958928, 175.3728005965118], "indices": [70, 71, 72, 73, 74, 75, 76, 77, 78, 79, 80, 81, 82, 83, 84, 85, 86, 87, 88, 89, 90, 91, 92, 93], "arima_order": [0, 1, 0], "arima_seasonal_order": [4, 1, 1, 12]}