{"deaths": [1488.6123880164864, 1510.9207842188955, 1527.2319722330044, 1525.0081679929838, 1543.812855519001, 1542.5668215646253, 1553.8048834888423, 1555.9759240884418, 1570.8636459423165, 1603.529633279143, 1596.9338820893997, 1614.1757263086677, 1633.5581210715623, 1650.176196818037, 1649.807277948904, 1645.628909545508, 1659.0177187384872, 1669.848142781982, 1678.9173915036733, 1692.1688356206246, 1686.6648256123906, 1678.1365648138042, 1684.37248576892, 1694.7355029809123], "indices": [70, 71, 72, 73, 74, 75, 76, 77, 78, 79, 80, 81, 82, 83, 84, 85, 86, 87, 88, 89, 90, 91, 92, 93], "arima_order": [0, 1, 1], "arima_seasonal_order": [4, 1, 0, 12]}