{"deaths": [1261.8539311804213, 1279.9787186671472, 1299.8307344079215, 1305.1216902646734, 1315.8143300672764, 1330.3539331826394, 1335.1168685767793, 1339.3035388485218, 1354.316968516423, 1366.0066187038433, 1371.8168485380047, 1383.379528230132, 1400.274043016335, 1408.3067997951832, 1422.4918822028012, 1432.160773014034, 1439.6574270580218, 1459.102382283592, 1518.4429454865704, 1558.530020313906, 1575.667896886086, 1592.6235074664228, 1628.5807953238466, 1643.6466288534375], "indices": [70, 71, 72, 73, 74, 75, 76, 77, 78, 79, 80, 81, 82, 83, 84, 85, 86, 87, 88, 89, 90, 91, 92, 93], "arima_order": [1, 1, 1], "arima_seasonal_order": [1, 1, 1, 12]}