{"deaths": [102.18990449097178, 102.72979291949203, 103.65016288639829, 106.28527909084204, 109.66800366580722, 112.14415601012341, 113.81114025666919, 115.37015976154017, 116.51403558846866, 120.48242240118199, 125.94124367571996, 126.71898676139497, 124.20261275739291, 128.60222685563053, 130.85777488609625, 132.83100492189774, 138.60857719431897, 139.91417153997384, 143.43441145206666, 149.94574646244155, 154.46889344497413, 155.76422119889054, 158.00368849673833, 159.1180775298719], "indices": [70, 71, 72, 73, 74, 75, 76, 77, 78, 79, 80, 81, 82, 83, 84, 85, 86, 87, 88, 89, 90, 91, 92, 93], "arima_order": [0, 1, 0], "arima_seasonal_order": [2, 1, 0, 12]}