{"deaths": [3055.517282111366, 3105.9795172393865, 3194.8597424308905, 3241.9209363963814, 3322.758258551644, 3404.8624864347153, 3507.9523060735246, 3611.1648004486274, 3689.3011859364033, 3761.314301549811, 3834.5270303819975, 3921.702188460114, 3997.0736592653407, 4052.3519498066394, 4118.890216031138, 4183.011977470747, 4277.628227670075, 4376.81918983094, 4540.22099798534, 4666.991133948866, 4771.097746254571, 4875.695668093575, 4955.82893250593, 5053.188103090939], "indices": [70, 71, 72, 73, 74, 75, 76, 77, 78, 79, 80, 81, 82, 83, 84, 85, 86, 87, 88, 89, 90, 91, 92, 93], "arima_order": [3, 1, 0], "arima_seasonal_order": [1, 1, 0, 12]}