{"deaths": [92810.57687757623, 95403.5268415442, 98332.8140410134, 101521.16826488076, 104904.04717989481, 109245.33462611298, 114771.83519974093, 119198.3865676836, 123699.30657056853, 128037.76115837008, 132034.7157904613, 135758.08828607213, 141022.09204305493, 146183.68208269958, 151741.98576314512, 157627.74377511034, 163753.8778855715, 171012.33342357713, 179638.06219358472, 187090.2860414611, 194638.67676965502, 202034.12253501627, 209081.30897052475, 215841.05690197373], "indices": [70, 71, 72, 73, 74, 75, 76, 77, 78, 79, 80, 81, 82, 83, 84, 85, 86, 87, 88, 89, 90, 91, 92, 93], "arima_order": [1, 1, 1], "arima_seasonal_order": [2, 1, 0, 12]}