{"deaths": [2085.581162601738, 2128.611487431246, 2164.8454288897797, 2222.8444688517475, 2279.0399320412153, 2321.747476524883, 2365.6444250436534, 2402.856576534302, 2449.777518774754, 2496.9392981012707, 2521.804571678869, 2565.4580530371154, 2602.309589263315, 2648.610736804415, 2679.2985252452936, 2734.872104597383, 2778.4451583202676, 2802.440661273374, 2870.044310739331, 2911.729327672427, 2973.9473310055387, 3008.3445026473278, 3058.361936352563, 3115.972315561956], "indices": [70, 71, 72, 73, 74, 75, 76, 77, 78, 79, 80, 81, 82, 83, 84, 85, 86, 87, 88, 89, 90, 91, 92, 93], "arima_order": [1, 1, 1], "arima_seasonal_order": [2, 1, 0, 12]}